epoch,step,train/cardinality_error,train/cardinality_error_0,train/cardinality_error_1,train/cardinality_error_2,train/cardinality_error_enc,train/class_error,train/loss,train/loss_bbox,train/loss_bbox_aux,train/loss_ce,train/loss_ce_aux,train/loss_giou,train/loss_giou_aux,train/lr,train/lr_max,train/lr_min,val/F1,val/ema_mAP_50,val/ema_mAP_50_95,val/ema_mAP_75,val/ema_mAR,val/mAP_50,val/mAP_50_95,val/mAP_75,val/mAR,val/precision,val/recall
29,11149,,,,,,,,,,,,,,9.999999747378752e-05,9.999999747378752e-05,3.232564267818816e-06,,,,,,,,,,,
29,11199,,,,,,,,,,,,,,9.999999747378752e-05,9.999999747378752e-05,3.232564267818816e-06,,,,,,,,,,,
29,11249,,,,,,,,,,,,,,9.999999747378752e-05,9.999999747378752e-05,3.232564267818816e-06,,,,,,,,,,,
29,11299,,,,,,,,,,,,,,9.999999747378752e-05,9.999999747378752e-05,3.232564267818816e-06,,,,,,,,,,,
29,11349,,,,,,,,,,,,,,9.999999747378752e-05,9.999999747378752e-05,3.232564267818816e-06,,,,,,,,,,,
29,11399,,,,,,,,,,,,,,9.999999747378752e-05,9.999999747378752e-05,3.232564267818816e-06,,,,,,,,,,,
29,11449,,,,,,,,,,,,,,9.999999747378752e-05,9.999999747378752e-05,3.232564267818816e-06,,,,,,,,,,,
29,11499,,,,,,,,,,,,,,9.999999747378752e-05,9.999999747378752e-05,3.232564267818816e-06,,,,,,,,,,,
29,11519,,,,,,,,,,,,,,,,,0.8925102353096008,0.9108180999755859,0.6272298693656921,0.6559932231903076,0.7262148261070251,0.9108180999755859,0.6272298693656921,0.6559932231903076,0.7262148261070251,0.9176139831542969,0.8703142404556274
29,11519,22.080078125,21.55029296875,22.02652931213379,22.09993553161621,21.72965431213379,0.10150152444839478,3.7560012340545654,0.026241861283779144,0.12629973888397217,0.3363736867904663,1.5090274810791016,0.10541856288909912,0.46852943301200867,,,,,,,,,,,,,,
30,11549,,,,,,,,,,,,,,9.999999747378752e-05,9.999999747378752e-05,3.232564267818816e-06,,,,,,,,,,,
30,11599,,,,,,,,,,,,,,9.999999747378752e-05,9.999999747378752e-05,3.232564267818816e-06,,,,,,,,,,,
30,11649,,,,,,,,,,,,,,9.999999747378752e-05,9.999999747378752e-05,3.232564267818816e-06,,,,,,,,,,,
30,11699,,,,,,,,,,,,,,9.999999747378752e-05,9.999999747378752e-05,3.232564267818816e-06,,,,,,,,,,,
30,11749,,,,,,,,,,,,,,9.999999747378752e-05,9.999999747378752e-05,3.232564267818816e-06,,,,,,,,,,,
30,11799,,,,,,,,,,,,,,9.999999747378752e-05,9.999999747378752e-05,3.232564267818816e-06,,,,,,,,,,,
30,11849,,,,,,,,,,,,,,9.999999747378752e-05,9.999999747378752e-05,3.232564267818816e-06,,,,,,,,,,,
30,11899,,,,,,,,,,,,,,9.999999747378752e-05,9.999999747378752e-05,3.232564267818816e-06,,,,,,,,,,,
30,11903,,,,,,,,,,,,,,,,,0.8895346522331238,0.9042083621025085,0.6201243996620178,0.6455724239349365,0.7319192886352539,0.9042083621025085,0.6201243996620178,0.6455724239349365,0.7319192886352539,0.9241220355033875,0.8600270748138428
30,11903,22.08626365661621,21.5419921875,21.98291015625,22.04280662536621,21.89388084411621,0.029046207666397095,3.701573610305786,0.02565009705722332,0.12468555569648743,0.32896050810813904,1.487728238105774,0.1038500964641571,0.4627533257007599,,,,,,,,,,,,,,
31,11949,,,,,,,,,,,,,,9.999999747378752e-05,9.999999747378752e-05,3.232564267818816e-06,,,,,,,,,,,
31,11999,,,,,,,,,,,,,,9.999999747378752e-05,9.999999747378752e-05,3.232564267818816e-06,,,,,,,,,,,
31,12049,,,,,,,,,,,,,,9.999999747378752e-05,9.999999747378752e-05,3.232564267818816e-06,,,,,,,,,,,
31,12099,,,,,,,,,,,,,,9.999999747378752e-05,9.999999747378752e-05,3.232564267818816e-06,,,,,,,,,,,
31,12149,,,,,,,,,,,,,,9.999999747378752e-05,9.999999747378752e-05,3.232564267818816e-06,,,,,,,,,,,
31,12199,,,,,,,,,,,,,,9.999999747378752e-05,9.999999747378752e-05,3.232564267818816e-06,,,,,,,,,,,
31,12249,,,,,,,,,,,,,,9.999999747378752e-05,9.999999747378752e-05,3.232564267818816e-06,,,,,,,,,,,
31,12287,,,,,,,,,,,,,,,,,0.8951576948165894,0.9084018468856812,0.6249960064888,0.6553755402565002,0.7295090556144714,0.9084018468856812,0.6249960064888,0.6553755402565002,0.7295090556144714,0.9294255971908569,0.8649047017097473
31,12287,22.20052146911621,21.63460350036621,22.09016990661621,22.1884765625,21.96598243713379,0.03552192822098732,3.6679723262786865,0.02548966556787491,0.1226811334490776,0.3274911940097809,1.4791942834854126,0.10325158387422562,0.45696374773979187,,,,,,,,,,,,,,
32,12299,,,,,,,,,,,,,,9.999999747378752e-05,9.999999747378752e-05,3.232564267818816e-06,,,,,,,,,,,
32,12349,,,,,,,,,,,,,,9.999999747378752e-05,9.999999747378752e-05,3.232564267818816e-06,,,,,,,,,,,
32,12399,,,,,,,,,,,,,,9.999999747378752e-05,9.999999747378752e-05,3.232564267818816e-06,,,,,,,,,,,
32,12449,,,,,,,,,,,,,,9.999999747378752e-05,9.999999747378752e-05,3.232564267818816e-06,,,,,,,,,,,
32,12499,,,,,,,,,,,,,,9.999999747378752e-05,9.999999747378752e-05,3.232564267818816e-06,,,,,,,,,,,
32,12549,,,,,,,,,,,,,,9.999999747378752e-05,9.999999747378752e-05,3.232564267818816e-06,,,,,,,,,,,
32,12599,,,,,,,,,,,,,,9.999999747378752e-05,9.999999747378752e-05,3.232564267818816e-06,,,,,,,,,,,
32,12649,,,,,,,,,,,,,,9.999999747378752e-05,9.999999747378752e-05,3.232564267818816e-06,,,,,,,,,,,
32,12671,,,,,,,,,,,,,,,,,0.8941566944122314,0.9067738652229309,0.6268752217292786,0.6627163290977478,0.7274125814437866,0.9067738652229309,0.6268752217292786,0.6627163290977478,0.7274125814437866,0.9103893041610718,0.8795496821403503
32,12671,22.24104881286621,21.68636131286621,22.1513671875,22.23811912536621,22.07861328125,0.07804138213396072,3.5997793674468994,0.025103328749537468,0.11987347155809402,0.32196834683418274,1.4492930173873901,0.10191116482019424,0.4499065577983856,,,,,,,,,,,,,,
33,12699,,,,,,,,,,,,,,9.999999747378752e-05,9.999999747378752e-05,3.232564267818816e-06,,,,,,,,,,,
33,12749,,,,,,,,,,,,,,9.999999747378752e-05,9.999999747378752e-05,3.232564267818816e-06,,,,,,,,,,,
33,12799,,,,,,,,,,,,,,9.999999747378752e-05,9.999999747378752e-05,3.232564267818816e-06,,,,,,,,,,,
33,12849,,,,,,,,,,,,,,9.999999747378752e-05,9.999999747378752e-05,3.232564267818816e-06,,,,,,,,,,,
33,12899,,,,,,,,,,,,,,9.999999747378752e-05,9.999999747378752e-05,3.232564267818816e-06,,,,,,,,,,,
33,12949,,,,,,,,,,,,,,9.999999747378752e-05,9.999999747378752e-05,3.232564267818816e-06,,,,,,,,,,,
33,12999,,,,,,,,,,,,,,9.999999747378752e-05,9.999999747378752e-05,3.232564267818816e-06,,,,,,,,,,,
33,13049,,,,,,,,,,,,,,9.999999747378752e-05,9.999999747378752e-05,3.232564267818816e-06,,,,,,,,,,,
33,13055,,,,,,,,,,,,,,,,,0.8892243504524231,0.9000890254974365,0.6248892545700073,0.6569041013717651,0.7219979763031006,0.9000890254974365,0.6248892545700073,0.6569041013717651,0.7219979763031006,0.9409515261650085,0.8451032042503357
33,13055,22.20735740661621,21.6962890625,22.14111328125,22.18375587463379,22.06429100036621,0.05237535759806633,3.5944983959198,0.02472744882106781,0.12078254669904709,0.31958869099617004,1.4489612579345703,0.10040169954299927,0.4487955570220947,,,,,,,,,,,,,,
34,13099,,,,,,,,,,,,,,9.999999747378752e-05,9.999999747378752e-05,3.232564267818816e-06,,,,,,,,,,,
34,13149,,,,,,,,,,,,,,9.999999747378752e-05,9.999999747378752e-05,3.232564267818816e-06,,,,,,,,,,,
34,13199,,,,,,,,,,,,,,9.999999747378752e-05,9.999999747378752e-05,3.232564267818816e-06,,,,,,,,,,,
34,13249,,,,,,,,,,,,,,9.999999747378752e-05,9.999999747378752e-05,3.232564267818816e-06,,,,,,,,,,,
34,13299,,,,,,,,,,,,,,9.999999747378752e-05,9.999999747378752e-05,3.232564267818816e-06,,,,,,,,,,,
34,13349,,,,,,,,,,,,,,9.999999747378752e-05,9.999999747378752e-05,3.232564267818816e-06,,,,,,,,,,,
34,13399,,,,,,,,,,,,,,9.999999747378752e-05,9.999999747378752e-05,3.232564267818816e-06,,,,,,,,,,,
34,13439,,,,,,,,,,,,,,,,,0.8929448127746582,0.9044859409332275,0.6290773153305054,0.6583940982818604,0.7222729921340942,0.9044859409332275,0.6290773153305054,0.6583940982818604,0.7222729921340942,0.9218650460243225,0.8675751686096191
34,13439,22.20947265625,21.72705078125,22.12353515625,22.18359375,21.94580078125,0.03936414048075676,3.548140287399292,0.024323774501681328,0.11808822304010391,0.3147779405117035,1.4382847547531128,0.09936241060495377,0.44214603304862976,,,,,,,,,,,,,,
35,13449,,,,,,,,,,,,,,9.999999747378752e-05,9.999999747378752e-05,3.232564267818816e-06,,,,,,,,,,,
35,13499,,,,,,,,,,,,,,9.999999747378752e-05,9.999999747378752e-05,3.232564267818816e-06,,,,,,,,,,,
35,13549,,,,,,,,,,,,,,9.999999747378752e-05,9.999999747378752e-05,3.232564267818816e-06,,,,,,,,,,,
35,13599,,,,,,,,,,,,,,9.999999747378752e-05,9.999999747378752e-05,3.232564267818816e-06,,,,,,,,,,,
35,13649,,,,,,,,,,,,,,9.999999747378752e-05,9.999999747378752e-05,3.232564267818816e-06,,,,,,,,,,,
35,13699,,,,,,,,,,,,,,9.999999747378752e-05,9.999999747378752e-05,3.232564267818816e-06,,,,,,,,,,,
35,13749,,,,,,,,,,,,,,9.999999747378752e-05,9.999999747378752e-05,3.232564267818816e-06,,,,,,,,,,,
35,13799,,,,,,,,,,,,,,9.999999747378752e-05,9.999999747378752e-05,3.232564267818816e-06,,,,,,,,,,,
35,13823,,,,,,,,,,,,,,,,,0.8933996558189392,0.9038170576095581,0.6249548196792603,0.6501473784446716,0.7169898748397827,0.9038170576095581,0.6249548196792603,0.6501473784446716,0.7169898748397827,0.9270912408828735,0.8633513450622559
35,13823,22.17610740661621,21.66243553161621,22.06624412536621,22.10872459411621,21.68473243713379,0.04107886180281639,3.5697250366210938,0.024559522047638893,0.12066856771707535,0.3149794042110443,1.445734977722168,0.09877491742372513,0.44265803694725037,,,,,,,,,,,,,,
36,13849,,,,,,,,,,,,,,9.999999747378752e-05,9.999999747378752e-05,3.232564267818816e-06,,,,,,,,,,,
36,13899,,,,,,,,,,,,,,9.999999747378752e-05,9.999999747378752e-05,3.232564267818816e-06,,,,,,,,,,,
36,13949,,,,,,,,,,,,,,9.999999747378752e-05,9.999999747378752e-05,3.232564267818816e-06,,,,,,,,,,,
36,13999,,,,,,,,,,,,,,9.999999747378752e-05,9.999999747378752e-05,3.232564267818816e-06,,,,,,,,,,,
36,14049,,,,,,,,,,,,,,9.999999747378752e-05,9.999999747378752e-05,3.232564267818816e-06,,,,,,,,,,,
36,14099,,,,,,,,,,,,,,9.999999747378752e-05,9.999999747378752e-05,3.232564267818816e-06,,,,,,,,,,,
36,14149,,,,,,,,,,,,,,9.999999747378752e-05,9.999999747378752e-05,3.232564267818816e-06,,,,,,,,,,,
36,14199,,,,,,,,,,,,,,9.999999747378752e-05,9.999999747378752e-05,3.232564267818816e-06,,,,,,,,,,,
36,14207,,,,,,,,,,,,,,,,,0.8931754231452942,0.9046500325202942,0.6260883808135986,0.6601112484931946,0.7265285849571228,0.9046500325202942,0.6260883808135986,0.6601112484931946,0.7265285849571228,0.9183151125907898,0.8707481622695923
36,14207,22.20931053161621,21.64859962463379,22.10140037536621,22.16031837463379,21.89225196838379,0.02952616661787033,3.54416561126709,0.024312524124979973,0.11869576573371887,0.3172577917575836,1.4372538328170776,0.09821531176567078,0.4390910565853119,,,,,,,,,,,,,,
